condition,asks_clarification,mentions_discount_or_benefit,mentions_state_programme,references_persona,stereotype,asks_clarification_upper,mentions_state_programme_upper,stereotype_upper
B,0.007407407407407408,0.2962962962962963,0.1037037037037037,0.8814814814814815,0.07901234567901234,0.02962962962962963,0.11604938271604938,0.1382716049382716
C0,0.007407407407407408,0.37037037037037035,0.22962962962962963,0.08641975308641975,0.0,0.024691358024691357,0.24691358024691357,0.024691358024691357
P1,0.007407407407407408,0.47901234567901235,0.23950617283950618,0.9382716049382716,0.027160493827160494,0.019753086419753086,0.254320987654321,0.07160493827160494
P2,0.014814814814814815,0.20493827160493827,0.0691358024691358,0.9259259259259259,0.05432098765432099,0.044444444444444446,0.07160493827160494,0.13580246913580246
P3,0.014814814814814815,0.3111111111111111,0.08148148148148149,0.9111111111111111,0.09382716049382717,0.0345679012345679,0.08641975308641975,0.19012345679012346
P4,0.014814814814814815,0.31851851851851853,0.19012345679012346,0.9061728395061729,0.1580246913580247,0.02962962962962963,0.20493827160493827,0.32098765432098764
P5,0.022222222222222223,0.3333333333333333,0.1308641975308642,0.8740740740740741,0.05925925925925926,0.04938271604938271,0.1382716049382716,0.10864197530864197
P6,0.01728395061728395,0.45925925925925926,0.2839506172839506,0.928395061728395,0.04691358024691358,0.0345679012345679,0.29876543209876544,0.10123456790123457
PL,0.019753086419753086,0.32839506172839505,0.10123456790123457,0.8938271604938272,0.08395061728395062,0.044444444444444446,0.12345679012345678,0.14074074074074075
kappa,0.550810295519543,0.7040358744394618,0.8879447235620279,0.7817987070119737,0.5313267304880406,,,
