model,condition,mean_delta,ci_low,ci_high,p,n_queries,p_holm,analysis,mean_diff,ci90_low,ci90_high,equivalent
pooled,C0,0.041434671866770634,0.01570471589453071,0.06723968361314037,0.0016999150042497876,45,0.008499575021248937,delta_vs_noise,,,,
pooled,P1,0.046567326706215606,0.021232886626405142,0.0721552622046449,0.0004999750012499375,45,0.0039998000099995,delta_vs_noise,,,,
pooled,P2,0.04085434570002471,0.011557106102630789,0.07182276691072986,0.007649617519124044,45,0.030598470076496177,delta_vs_noise,,,,
pooled,P3,0.010024871105118016,-0.01071460318373899,0.0315255198619396,0.1832408379581021,45,0.3664816759162042,delta_vs_noise,,,,
pooled,P4,0.0440303477957799,0.017156976539692604,0.07091689363448621,0.0012999350032498376,45,0.007799610019499026,delta_vs_noise,,,,
pooled,P5,-0.000917804532002065,-0.024062444028879217,0.021596803202513063,0.5363231838408079,45,0.5363231838408079,delta_vs_noise,,,,
pooled,P6,0.050392117256314796,0.023715197262728124,0.07918405176213819,0.0004999750012499375,45,0.0039998000099995,delta_vs_noise,,,,
pooled,PL,0.03020952755520656,0.005355376847660792,0.05628691741500382,0.01344932753362332,45,0.040347982600869955,delta_vs_noise,,,,
pooled,C0,,-0.011899299639709695,0.059037770803809154,0.10034498275086245,45,0.4342282885855707,minus_sameday_placebo,0.02398362798935992,-0.006183371954976893,0.05349541280703098,False
pooled,P1,,-0.00810742238035007,0.06474017913099704,0.06749662516874157,45,0.40497975101244943,minus_sameday_placebo,0.02911628282880488,-0.002061200296209096,0.05913924924771487,False
pooled,P2,,-0.013745440081914953,0.06299025494191941,0.12579371031448427,45,0.4342282885855707,minus_sameday_placebo,0.023403301822613992,-0.008458750415760993,0.05609961544595582,False
pooled,P3,,-0.03937992334597273,0.023696819261964628,0.6701164941752913,45,1.0,minus_sameday_placebo,-0.007426172772292703,-0.03414052011252189,0.018682557542235675,True
pooled,P4,,-0.012218155707298112,0.06244927449501964,0.08684565771711414,45,0.4342282885855707,minus_sameday_placebo,0.026579303918369185,-0.005628956793418871,0.056386507688535904,False
pooled,P5,,-0.05203428843879683,0.014061006733239944,0.8545072746362682,45,1.0,minus_sameday_placebo,-0.01836884840941278,-0.046206136828094525,0.008295605293687312,True
pooled,P6,,-0.004977630691210931,0.06975533164864073,0.04724763761811909,45,0.3307334633268336,minus_sameday_placebo,0.03294107337890407,0.0008794347138262626,0.06359607282700319,False
