condition,n_brands,share_budget,share_premium,share_free,share_global,share_ru,share_incumbent
C0,4.375308641975309,0.13057387057387057,0.1843043368043368,0.098502106002106,0.23716245466245464,0.0057432432432432436,0.7787094737094737
B,4.101234567901234,0.12593775853775854,0.21795151515151515,0.08446531986531987,0.2568683020683021,0.0029629629629629632,0.7749666185666186
P1,3.9580246913580246,0.1245015873015873,0.17824126984126987,0.146421164021164,0.2473957671957672,0.006933333333333334,0.8100719576719577
P2,3.8962962962962964,0.11853245226261098,0.2474260748070272,0.0516468540278064,0.2781037892149003,0.0029604434366339127,0.7553477900700123
P3,3.995061728395062,0.12039204111396624,0.21726933197521434,0.07188481453187336,0.2516509634156693,0.006016042780748663,0.7649650631602503
P4,3.8222222222222224,0.12864445614445613,0.19440817440817443,0.11733941733941733,0.23431281931281933,0.006846846846846846,0.8029951054951056
P5,4.029629629629629,0.12934070695464797,0.2174880749277532,0.08101234481931532,0.25571223533690024,0.005659815311289842,0.7749670198731861
P6,3.9555555555555557,0.13269239041596764,0.21217156074879653,0.12019224376947953,0.24869905012181437,0.0026455026455026454,0.7957194867763974
PL,3.77037037037037,0.12867481072960524,0.23136235149933781,0.07828589219000177,0.24816837652454093,0.00502283105022831,0.7714152286070095
