condition,coef,ci_low,ci_high,p,marker,p_holm
B,-0.012345679012345664,-0.03312952220381857,0.008438164179127239,0.244332521905687,asks_clarification,1.0
P1,-0.012345679012345666,-0.027985642681672827,0.0032942846569814933,0.12183145048736063,asks_clarification,1.0
P2,-0.00493827160493826,-0.018549954089912377,0.008673410880035856,0.4770419779220544,asks_clarification,1.0
P3,-0.004938271604938261,-0.025419421300672568,0.015542878090796047,0.6365179837583095,asks_clarification,1.0
P4,-0.004938271604938259,-0.018549954089912384,0.008673410880035867,0.4770419779220547,asks_clarification,1.0
P5,0.00246913580246915,-0.018613055325504058,0.02355132693044236,0.8184414534878105,asks_clarification,1.0
P6,-0.002469135802469127,-0.022409518552028558,0.017471246947090305,0.8082422229149614,asks_clarification,1.0
B,-0.03209876543209881,-0.08449972071486582,0.0203021898506682,0.22990760618107386,mentions_discount_or_benefit,1.0
P1,0.1506172839506172,0.08972689246236046,0.21150767543887392,1.246315643163427e-06,mentions_discount_or_benefit,4.362104751071995e-05
P2,-0.12345679012345682,-0.18320829789654935,-0.0637052823503643,5.130100853015552e-05,mentions_discount_or_benefit,0.0016416322729649767
P3,-0.017283950617284,-0.06708790537378476,0.03252000413921676,0.4963871032064844,mentions_discount_or_benefit,1.0
P4,-0.00987654320987659,-0.06191872014071391,0.04216563372096073,0.7099217607370735,mentions_discount_or_benefit,1.0
P5,0.004938271604938252,-0.03991743844197688,0.049793981651853385,0.8291615087822009,mentions_discount_or_benefit,1.0
P6,0.13086419753086415,0.045578097207101625,0.21615029785462667,0.002634958910611357,mentions_discount_or_benefit,0.073778849497118
B,0.0024691358024691514,-0.023581936642705296,0.0285202082476436,0.8526278553755587,mentions_state_programme,1.0
P1,0.13827160493827162,0.07292851962480698,0.20361469025173626,3.3619466909041443e-05,mentions_state_programme,0.001143061874907409
P2,-0.03209876543209874,-0.0639230192005741,-0.00027451166362338353,0.04805628528004927,mentions_state_programme,1.0
P3,-0.019753086419753083,-0.05058050770628013,0.011074334866773963,0.20916187902195327,mentions_state_programme,1.0
P4,0.0888888888888889,0.04167045897709126,0.13610731880068655,0.00022457137181747095,mentions_state_programme,0.0069617125263416
P5,0.029629629629629634,-0.0055353223811023845,0.06479458164036166,0.09864761042929923,mentions_state_programme,1.0
P6,0.18271604938271604,0.09556472686915489,0.2698673718962772,3.97137431570628e-05,mentions_state_programme,0.0013105535241830725
B,-0.012345679012345677,-0.04870398742183519,0.024012629397143832,0.5057196296497348,references_persona,1.0
P1,0.04444444444444445,0.011337736751823112,0.07755115213706579,0.008509044404860822,references_persona,0.2297441989312422
P2,0.03209876543209876,-0.004516293735169312,0.06871382459936684,0.08575800255748066,references_persona,1.0
P3,0.01728395061728395,-0.018902178568509054,0.053470079803076956,0.3491920377088913,references_persona,1.0
P4,0.012345679012345722,-0.036155916823912955,0.060847274848604395,0.6178550623385067,references_persona,1.0
P5,-0.01975308641975306,-0.058642788473980495,0.01913661563447437,0.3194851497337666,references_persona,1.0
P6,0.034567901234567905,-0.0034282877670802764,0.07256409023621609,0.07456644200834124,references_persona,1.0
B,-0.004938271604938281,-0.03311976981420321,0.023243226604326647,0.7312626474540691,stereotype,1.0
P1,-0.056790123456790124,-0.08861437722526531,-0.024965869688314934,0.0004695705038973425,stereotype,0.014087115116920276
P2,-0.029629629629629638,-0.06273633732225126,0.003477078062991981,0.07941062599894255,stereotype,1.0
P3,0.009876543209876512,-0.03695452634408982,0.05670761276384285,0.6793494763275798,stereotype,1.0
P4,0.07407407407407406,0.026166287553344485,0.12198186059480362,0.0024418344202767756,stereotype,0.07081319818802649
P5,-0.024691358024691367,-0.051972015302773455,0.002589299253390718,0.07607354061431273,stereotype,1.0
P6,-0.03703703703703704,-0.06686920847312,-0.007204865600954083,0.014961017675175829,stereotype,0.38898645955457156
