condition,coef,ci_low,ci_high,p,marker,p_holm,reference
P1,-7.53039108873795e-18,-0.011854102904581058,0.011854102904581044,0.999999999999999,asks_clarification,1.0,B
P2,0.007407407407407406,-0.008496540536745137,0.023311355351559947,0.3613104285261799,asks_clarification,1.0,B
P3,0.0074074074074074025,-0.008496540536745143,0.023311355351559947,0.3613104285261802,asks_clarification,1.0,B
P4,0.007407407407407402,-0.009906618085463385,0.024721432900278187,0.4017356370553993,asks_clarification,1.0,B
P5,0.014814814814814807,-0.001380973030233287,0.0310106026598629,0.07299804543011655,asks_clarification,1.0,B
P6,0.009876543209876538,-0.007999483565383693,0.02775256998513677,0.27885977538066864,asks_clarification,1.0,B
P1,0.182716049382716,0.12221150528034555,0.24322059348508643,3.2421495678184406e-09,mentions_discount_or_benefit,9.726448703455321e-08,B
P2,-0.09135802469135809,-0.15113565715028948,-0.03158039223242671,0.0027407737084525255,mentions_discount_or_benefit,0.06303779529440809,B
P3,0.014814814814814762,-0.04061711332565078,0.0702467429552803,0.6004018480969704,mentions_discount_or_benefit,1.0,B
P4,0.022222222222222192,-0.025489621610235408,0.06993406605467979,0.3613104285261802,mentions_discount_or_benefit,1.0,B
P5,0.03703703703703701,-0.004593204214080257,0.07866727828815427,0.08120887152819964,mentions_discount_or_benefit,1.0,B
P6,0.16296296296296292,0.0862616346118994,0.23966429131402645,3.1241282526517956e-05,mentions_discount_or_benefit,0.0008446673674634018,B
P1,0.13580246913580246,0.07200694829692045,0.19959798997468448,3.0166691695121494e-05,mentions_state_programme,0.0008446673674634018,B
P2,-0.0345679012345679,-0.06866586110468595,-0.00046994136444983986,0.0469250125412258,mentions_state_programme,0.8915752382832902,B
P3,-0.022222222222222244,-0.0492537358590215,0.004809291414577015,0.10712339925384112,mentions_state_programme,1.0,B
P4,0.08641975308641973,0.04159886440072158,0.1312406417721179,0.00015743875608430726,mentions_state_programme,0.004093407658191989,B
P5,0.027160493827160476,-0.0050538572887261456,0.059374844943047095,0.09843662025234855,mentions_state_programme,1.0,B
P6,0.1802469135802469,0.0966246713411747,0.2638691558193191,2.392774282791704e-05,mentions_state_programme,0.0006939045420095942,B
P1,0.05679012345679011,0.02282981009556359,0.09075043681801663,0.001047124936039318,references_persona,0.025130998464943634,B
P2,0.044444444444444474,0.01508708588722137,0.07380180300166758,0.0030051354436420696,references_persona,0.06611297976012553,B
P3,0.029629629629629648,-0.005535322381102329,0.06479458164036163,0.09864761042929866,references_persona,1.0,B
P4,0.024691358024691336,-0.011451598193827288,0.06083431424320996,0.18058189537250846,references_persona,1.0,B
P5,-0.007407407407407405,-0.03337844564671351,0.0185636308318987,0.5761501220305789,references_persona,1.0,B
P6,0.04691358024691353,0.006142307698089537,0.08768485279573751,0.02411838697776134,references_persona,0.48236773955522677,B
P1,-0.051851851851851864,-0.08647990283759316,-0.017223800866110563,0.003337205573524363,stereotype,0.07008131704401163,B
P2,-0.024691358024691367,-0.058835076752172547,0.009452360702789809,0.15637572175964262,stereotype,1.0,B
P3,0.014814814814814803,-0.036217522695777986,0.0658471523254076,0.5693680626983864,stereotype,1.0,B
P4,0.07901234567901234,0.03539191949457283,0.12263277186345187,0.00038493474009560055,stereotype,0.009623368502390013,B
P5,-0.0197530864197531,-0.042748099708721315,0.003241926869215119,0.09225114740681338,stereotype,1.0,B
P6,-0.03209876543209877,-0.06674184269365499,0.0025443118294574615,0.06936773360561475,stereotype,1.0,B
B,1.1050918010078e-17,-0.0136879390059227,0.01368793900592272,0.9999999999999988,asks_clarification,1.0,C0
P1,1.2047597711552226e-17,-0.015303581044556995,0.01530358104455702,0.9999999999999988,asks_clarification,1.0,C0
P2,0.007407407407407419,-0.011210202464035299,0.026025017278850135,0.4355010313614187,asks_clarification,1.0,C0
P3,0.007407407407407419,-0.012428300693961353,0.02724311550877619,0.46421431277102954,asks_clarification,1.0,C0
P4,0.007407407407407416,-0.011210202464035287,0.02602501727885012,0.4355010313614185,asks_clarification,1.0,C0
P5,0.014814814814814826,-0.0013809730302331777,0.03101060265986283,0.07299804543011465,asks_clarification,0.8029784997312611,C0
P6,0.009876543209876552,-0.013655390965986319,0.03340847738573942,0.41072824824966847,asks_clarification,1.0,C0
B,-0.07407407407407404,-0.12664360132028815,-0.021504546827859933,0.005749708623335422,mentions_discount_or_benefit,0.08624562935003134,C0
P1,0.10864197530864202,0.054975090288691575,0.16230886032859246,7.256813482322229e-05,mentions_discount_or_benefit,0.0015964989661108903,C0
P2,-0.1654320987654321,-0.23806277903657946,-0.09280141849428473,8.035259162846436e-06,mentions_discount_or_benefit,0.00020891673823400736,C0
P3,-0.059259259259259234,-0.12756193774497845,0.009043419226459987,0.08904432070751327,mentions_discount_or_benefit,0.814176318558954,C0
P4,-0.051851851851851864,-0.10600144928061694,0.0022977455769132155,0.06054602269299774,mentions_discount_or_benefit,0.7265522723159729,C0
P5,-0.037037037037037056,-0.09005019685087863,0.01597612277680452,0.17090352023079647,mentions_discount_or_benefit,1.0,C0
P6,0.08888888888888889,0.028599771462446986,0.1491780063153308,0.0038557792877886056,mentions_discount_or_benefit,0.06169246860461769,C0
B,-0.12592592592592589,-0.18887556540036263,-0.06297628645148914,8.827100790189071e-05,mentions_state_programme,0.0018536911659397049,C0
P1,0.009876543209876583,-0.03695452634408988,0.05670761276384305,0.6793494763275786,mentions_state_programme,1.0,C0
P2,-0.1604938271604938,-0.2422085174685189,-0.07877913685246868,0.00011835078365017469,mentions_state_programme,0.0023670156730034937,C0
P3,-0.14814814814814814,-0.22090054190253666,-0.07539575439375963,6.575627163822694e-05,mentions_state_programme,0.0015123942476792196,C0
P4,-0.03950617283950616,-0.08394222564538587,0.004929879966373556,0.0814176318558954,mentions_state_programme,0.814176318558954,C0
P5,-0.09876543209876541,-0.16157436482029502,-0.0359564993772358,0.0020561968541630378,mentions_state_programme,0.03495534652077164,C0
P6,0.054320987654321,0.0005959481455506746,0.10804602716309133,0.04751226730948802,mentions_state_programme,0.6176594750233443,C0
B,0.7950617283950617,0.7471756736906101,0.8429477830995133,2.7462391481167583e-232,references_persona,8.51334135916195e-231,C0
P1,0.8518518518518517,0.809111276004758,0.8945924276989455,0.0,references_persona,0.0,C0
P2,0.8395061728395061,0.7948597983350747,0.8841525473439376,2.5143341065253452e-297,references_persona,8.297302551533639e-296,C0
P3,0.8246913580246913,0.7806080712076298,0.8687746448417528,2.5283281310436802e-294,references_persona,8.090650019339777e-293,C0
P4,0.8197530864197531,0.7702636198938756,0.8692425529456306,3.3033068679138373e-231,references_persona,9.909920603741513e-230,C0
P5,0.7876543209876542,0.7334086965328844,0.841899945442424,3.775132674615842e-178,references_persona,1.0947884756385943e-176,C0
P6,0.8419753086419752,0.798426528429002,0.8855240888549485,0.0,references_persona,0.0,C0
B,0.07901234567901234,0.04239728651174408,0.11562740484628062,2.3426931148618987e-05,stereotype,0.0005856732787154746,C0
P1,0.027160493827160508,0.00645190921665249,0.04786907843766852,0.01015210665503567,stereotype,0.1421294931704994,C0
P2,0.054320987654321,0.02559080398469507,0.08305117132394693,0.000210757396774632,stereotype,0.003793633141943376,C0
P3,0.09382716049382717,0.05513871752075342,0.13251560346690092,2.0012102949637446e-06,stereotype,5.4032677964021105e-05,C0
P4,0.15802469135802472,0.10221847180740559,0.21383091090864384,2.8572274035914363e-08,stereotype,8.000236730056021e-07,C0
P5,0.05925925925925928,0.028959714646735562,0.089558803871783,0.00012645648640335574,stereotype,0.002402673241663759,C0
P6,0.04691358024691359,0.0247483213647382,0.06907883912908898,3.349015330928393e-05,stereotype,0.0008037636794228143,C0
